{
  "accuracy": 0.849162,
  "f1_weighted": 0.849006,
  "precision_weighted": 0.848905,
  "recall_weighted": 0.849162
}