{
  "accuracy": 0.832402,
  "f1_weighted": 0.832714,
  "precision_weighted": 0.833236,
  "recall_weighted": 0.832402
}