{
  "accuracy": 0.821229,
  "f1_weighted": 0.821846,
  "precision_weighted": 0.823288,
  "recall_weighted": 0.821229
}